-- phpMyAdmin SQL Dump
-- version 5.2.0
-- https://www.phpmyadmin.net/
--
-- Host: 127.0.0.1
-- Tempo de geração: 01-Out-2024 às 11:38
-- Versão do servidor: 10.4.27-MariaDB
-- versão do PHP: 8.2.0

SET SQL_MODE = "NO_AUTO_VALUE_ON_ZERO";
START TRANSACTION;
SET time_zone = "+00:00";


/*!40101 SET @OLD_CHARACTER_SET_CLIENT=@@CHARACTER_SET_CLIENT */;
/*!40101 SET @OLD_CHARACTER_SET_RESULTS=@@CHARACTER_SET_RESULTS */;
/*!40101 SET @OLD_COLLATION_CONNECTION=@@COLLATION_CONNECTION */;
/*!40101 SET NAMES utf8mb4 */;

--
-- Banco de dados: `wb2407_todonumbrinco`
--

-- --------------------------------------------------------

--
-- Estrutura da tabela `maquina`
--

CREATE TABLE `maquina` (
  `numero` int(11) NOT NULL,
  `idTipo` int(11) DEFAULT NULL,
  `dataUltimaManut` datetime DEFAULT NULL
) ENGINE=InnoDB DEFAULT CHARSET=utf8mb4 COLLATE=utf8mb4_general_ci;

--
-- Extraindo dados da tabela `maquina`
--

INSERT INTO `maquina` (`numero`, `idTipo`, `dataUltimaManut`) VALUES
(100, 1, '2024-09-15 11:59:59'),
(101, 2, '2024-09-13 12:00:00'),
(102, 1, '2024-09-25 09:59:00'),
(103, 1, '2024-09-10 15:50:00'),
(104, 3, '2024-09-08 08:40:59'),
(105, 2, '2024-09-22 16:30:00'),
(106, 3, '2024-09-02 11:30:00'),
(107, 1, '2024-09-10 17:51:00'),
(108, 1, '2024-09-01 11:59:00'),
(109, 1, '2024-09-20 16:20:00');

-- --------------------------------------------------------

--
-- Estrutura da tabela `servico`
--

CREATE TABLE `servico` (
  `codFatura` int(11) NOT NULL,
  `numMaquina` int(11) DEFAULT NULL,
  `duracao` int(11) DEFAULT NULL,
  `valor` decimal(8,2) DEFAULT NULL,
  `nifCliente` varchar(9) DEFAULT NULL,
  `dataHora` datetime DEFAULT NULL
) ENGINE=InnoDB DEFAULT CHARSET=utf8mb4 COLLATE=utf8mb4_general_ci;

--
-- Extraindo dados da tabela `servico`
--

INSERT INTO `servico` (`codFatura`, `numMaquina`, `duracao`, `valor`, `nifCliente`, `dataHora`) VALUES
(1, 102, 1, '8.50', NULL, '2024-03-23 14:13:46'),
(2, 106, 0, '15.70', '110908107', '2024-02-17 21:49:17'),
(3, 102, 0, '10.80', NULL, '2024-03-01 22:42:04'),
(4, 109, 0, '12.30', NULL, '2024-03-26 22:48:06'),
(5, 109, 1, '15.70', '236916274', '2024-02-01 13:11:41'),
(6, 109, 1, '8.50', '312746437', '2024-03-07 20:12:28'),
(7, 107, 0, '10.80', NULL, '2024-01-17 13:03:20'),
(8, 102, 1, '15.70', NULL, '2024-04-09 19:34:24'),
(9, 104, 1, '12.30', NULL, '2024-02-26 12:10:24'),
(10, 107, 1, '12.30', NULL, '2024-05-07 18:06:03'),
(11, 103, 1, '10.80', NULL, '2024-01-03 06:59:02'),
(12, 109, 0, '15.70', '287274709', '2024-05-16 13:12:54'),
(13, 107, 0, '8.50', NULL, '2024-02-24 17:28:51'),
(14, 108, 0, '8.50', NULL, '2024-02-16 09:42:07'),
(15, 106, 1, '8.50', NULL, '2024-03-30 07:46:13'),
(16, 103, 1, '12.30', NULL, '2024-01-21 00:36:38'),
(17, 106, 1, '15.70', NULL, '2024-04-29 09:51:09'),
(18, 106, 1, '12.30', NULL, '2024-03-18 23:19:37'),
(19, 101, 0, '10.80', '189705014', '2024-05-16 07:07:44'),
(20, 100, 1, '15.70', '324081412', '2024-05-05 03:52:37'),
(21, 109, 1, '15.70', '161095808', '2024-03-05 20:38:56'),
(22, 107, 1, '8.50', NULL, '2024-02-14 18:25:25'),
(23, 105, 0, '12.30', NULL, '2024-03-10 06:55:56'),
(24, 100, 1, '15.70', '200402470', '2024-03-09 07:38:57'),
(25, 107, 1, '10.80', '218378986', '2024-04-17 16:12:10'),
(26, 106, 0, '15.70', NULL, '2024-05-08 03:04:14'),
(27, 105, 0, '15.70', NULL, '2024-02-06 17:39:47'),
(28, 102, 0, '8.50', NULL, '2024-03-06 08:40:29'),
(29, 102, 0, '10.80', '224991755', '2024-04-25 19:52:01'),
(30, 105, 0, '12.30', NULL, '2024-04-06 15:25:53'),
(31, 106, 0, '15.70', NULL, '2024-02-25 04:46:16'),
(32, 109, 1, '10.80', NULL, '2024-03-27 05:52:49'),
(33, 109, 0, '12.30', '255320033', '2024-04-21 11:59:13'),
(34, 102, 0, '15.70', '148961146', '2024-02-12 01:26:39'),
(35, 100, 1, '10.80', '324691386', '2024-05-13 00:22:42'),
(36, 108, 0, '12.30', '295438700', '2024-01-11 19:15:56'),
(37, 102, 1, '12.30', '299035471', '2024-03-06 14:38:50'),
(38, 107, 0, '12.30', '236506418', '2024-01-12 22:44:54'),
(39, 103, 1, '10.80', '232821484', '2024-04-20 04:41:36'),
(40, 101, 1, '10.80', NULL, '2024-02-21 14:04:02'),
(41, 103, 0, '8.50', NULL, '2024-04-17 07:47:22'),
(42, 101, 1, '12.30', '237554634', '2024-04-10 08:31:37'),
(43, 107, 1, '15.70', NULL, '2024-04-13 16:29:04'),
(44, 106, 0, '8.50', '231284986', '2024-01-23 04:25:45'),
(45, 106, 1, '12.30', NULL, '2024-02-29 08:41:28'),
(46, 100, 1, '12.30', NULL, '2024-03-29 09:20:54'),
(47, 102, 0, '8.50', '106989454', '2024-04-08 10:48:12'),
(48, 102, 0, '10.80', '368888267', '2024-05-09 21:09:59'),
(49, 103, 0, '8.50', NULL, '2024-03-18 23:20:15'),
(50, 103, 0, '12.30', NULL, '2024-05-13 17:14:15'),
(51, 105, 0, '15.70', '251302757', '2024-02-08 04:25:16'),
(52, 100, 1, '10.80', NULL, '2024-01-08 21:53:45'),
(53, 101, 1, '12.30', '130851523', '2024-04-26 01:00:37'),
(54, 102, 1, '8.50', NULL, '2024-04-28 22:12:06'),
(55, 104, 1, '15.70', NULL, '2024-05-03 15:43:50'),
(56, 101, 1, '15.70', '209061291', '2024-03-26 06:02:17'),
(57, 103, 1, '8.50', '132549843', '2024-03-24 22:56:40'),
(58, 104, 0, '15.70', '393644747', '2024-05-04 02:19:16'),
(59, 104, 0, '15.70', '269214318', '2024-01-11 23:13:06'),
(60, 109, 0, '8.50', '309988016', '2024-02-18 19:31:57'),
(61, 101, 0, '10.80', NULL, '2024-05-07 19:49:34'),
(62, 101, 0, '12.30', '158434936', '2024-01-01 06:12:21'),
(63, 105, 1, '10.80', '344006488', '2024-01-03 13:38:04'),
(64, 105, 1, '12.30', '132100994', '2024-02-18 18:53:09'),
(65, 109, 1, '15.70', NULL, '2024-03-18 23:29:53'),
(66, 101, 1, '15.70', '205224190', '2024-04-30 20:50:22'),
(67, 108, 0, '10.80', '394644980', '2024-05-01 08:45:40'),
(68, 107, 0, '10.80', NULL, '2024-04-20 19:39:12'),
(69, 104, 0, '12.30', NULL, '2024-03-12 04:53:55'),
(70, 104, 0, '15.70', NULL, '2024-03-10 10:41:13'),
(71, 108, 1, '15.70', '260566821', '2024-02-19 09:26:36'),
(72, 100, 1, '8.50', '192726024', '2024-03-11 17:30:54'),
(73, 100, 1, '10.80', '277932591', '2024-01-24 22:34:05'),
(74, 104, 1, '10.80', NULL, '2024-02-05 09:11:24'),
(75, 105, 0, '12.30', NULL, '2024-05-05 11:05:56'),
(76, 104, 1, '10.80', '174674744', '2024-02-05 07:57:14'),
(77, 105, 0, '10.80', '158993607', '2024-01-15 09:38:08'),
(78, 100, 0, '12.30', NULL, '2024-02-06 18:03:01'),
(79, 104, 1, '10.80', NULL, '2024-03-02 14:00:05'),
(80, 106, 1, '15.70', '284361002', '2024-03-05 00:02:05'),
(81, 106, 1, '10.80', NULL, '2024-03-01 10:38:03'),
(82, 108, 0, '15.70', NULL, '2024-04-07 03:41:07'),
(83, 109, 0, '12.30', NULL, '2024-01-13 21:16:35'),
(84, 104, 0, '12.30', NULL, '2024-01-29 21:00:16'),
(85, 102, 1, '12.30', '236607455', '2024-05-15 20:49:05'),
(86, 106, 1, '8.50', '170612167', '2024-04-14 18:18:09'),
(87, 103, 1, '10.80', NULL, '2024-05-03 13:37:37'),
(88, 104, 0, '15.70', NULL, '2024-02-21 04:57:59'),
(89, 107, 0, '10.80', NULL, '2024-04-22 21:00:07'),
(90, 106, 0, '8.50', '376546781', '2024-02-21 11:11:21'),
(91, 107, 1, '12.30', NULL, '2024-02-08 00:44:23'),
(92, 102, 0, '10.80', '183794696', '2024-03-24 16:36:33'),
(93, 105, 1, '8.50', '123656226', '2024-01-10 06:26:21'),
(94, 109, 0, '15.70', '307275535', '2024-03-17 05:18:46'),
(95, 102, 0, '8.50', '260799664', '2024-04-20 17:18:01'),
(96, 106, 0, '15.70', NULL, '2024-01-31 12:38:04'),
(97, 101, 0, '8.50', NULL, '2024-02-18 23:51:56'),
(98, 104, 0, '12.30', NULL, '2024-03-09 04:45:33'),
(99, 102, 0, '15.70', '283852296', '2024-05-13 18:42:50'),
(100, 107, 1, '10.80', '283769468', '2024-01-27 08:29:19'),
(101, 104, 1, '12.30', NULL, '2024-05-19 03:44:50'),
(102, 109, 0, '12.30', NULL, '2024-03-12 03:59:52'),
(103, 107, 1, '8.50', NULL, '2024-01-16 12:38:30'),
(104, 109, 0, '8.50', '271390621', '2024-01-24 12:07:18'),
(105, 101, 1, '12.30', NULL, '2024-05-09 17:08:03'),
(106, 107, 1, '8.50', NULL, '2024-01-25 00:09:57'),
(107, 103, 0, '8.50', NULL, '2024-03-28 03:43:32'),
(108, 108, 0, '8.50', NULL, '2024-03-10 10:37:25'),
(109, 109, 0, '10.80', NULL, '2024-05-02 22:39:32'),
(110, 102, 1, '12.30', '246793201', '2024-04-27 16:02:39'),
(111, 107, 1, '12.30', '268874915', '2024-01-26 04:33:48'),
(112, 105, 1, '8.50', NULL, '2024-04-22 14:21:04'),
(113, 100, 0, '10.80', '312058399', '2024-01-28 23:49:54'),
(114, 106, 0, '8.50', NULL, '2024-01-25 22:57:39'),
(115, 109, 1, '8.50', NULL, '2024-03-22 12:56:35'),
(116, 102, 1, '12.30', '289811704', '2024-01-15 05:49:24'),
(117, 103, 1, '15.70', NULL, '2024-02-01 10:03:23'),
(118, 106, 1, '15.70', '130207581', '2024-05-01 20:21:30'),
(119, 106, 1, '10.80', NULL, '2024-03-11 18:47:09'),
(120, 109, 1, '12.30', '365126841', '2024-03-10 17:29:39'),
(121, 105, 0, '8.50', NULL, '2024-01-30 07:51:06'),
(122, 109, 0, '10.80', '231187640', '2024-03-17 12:35:10'),
(123, 102, 1, '8.50', '134524658', '2024-02-21 21:22:23'),
(124, 107, 0, '8.50', NULL, '2024-03-31 11:43:22'),
(125, 105, 0, '8.50', '287383412', '2024-05-14 17:14:45'),
(126, 102, 0, '12.30', NULL, '2024-02-05 00:53:20'),
(127, 101, 0, '12.30', '169755316', '2024-05-12 02:12:58'),
(128, 100, 0, '8.50', '169963727', '2024-04-05 06:53:52'),
(129, 103, 1, '12.30', NULL, '2024-03-14 06:05:39'),
(130, 104, 0, '12.30', NULL, '2024-03-12 19:31:45'),
(131, 106, 0, '10.80', NULL, '2024-02-20 23:02:18'),
(132, 105, 1, '8.50', NULL, '2024-02-26 15:18:09'),
(133, 101, 1, '8.50', NULL, '2024-04-07 17:58:40'),
(134, 104, 1, '10.80', NULL, '2024-04-26 15:57:22'),
(135, 106, 1, '15.70', '108606787', '2024-01-17 01:55:53'),
(136, 109, 0, '8.50', NULL, '2024-04-06 05:23:35'),
(137, 105, 1, '15.70', NULL, '2024-02-17 16:33:03'),
(138, 105, 1, '15.70', NULL, '2024-02-09 16:26:24'),
(139, 105, 1, '12.30', '172349289', '2024-02-26 05:29:23'),
(140, 105, 1, '10.80', NULL, '2024-02-27 00:50:00'),
(141, 105, 0, '12.30', NULL, '2024-03-08 18:01:31'),
(142, 108, 1, '12.30', '305963651', '2024-05-08 02:41:37'),
(143, 108, 1, '15.70', NULL, '2024-02-01 03:28:27'),
(144, 103, 1, '10.80', NULL, '2024-02-24 07:50:40'),
(145, 105, 0, '8.50', '354649239', '2024-04-06 20:14:34'),
(146, 104, 1, '10.80', '185342347', '2024-03-03 03:36:51'),
(147, 100, 0, '8.50', '210887272', '2024-02-06 00:51:14'),
(148, 100, 1, '10.80', NULL, '2024-05-04 02:54:12'),
(149, 105, 0, '8.50', NULL, '2024-02-25 03:22:40'),
(150, 105, 0, '8.50', NULL, '2024-01-14 17:18:41'),
(151, 106, 1, '8.50', '368377883', '2024-04-07 09:26:20'),
(152, 101, 1, '15.70', '311207926', '2024-03-16 00:04:49'),
(153, 103, 1, '15.70', '111087594', '2024-01-06 00:59:29'),
(154, 102, 0, '12.30', NULL, '2024-03-14 10:16:07'),
(155, 106, 0, '10.80', '180901300', '2024-03-30 20:40:35'),
(156, 108, 0, '10.80', '290065202', '2024-03-25 13:42:20'),
(157, 103, 0, '12.30', '110954040', '2024-02-08 10:30:36'),
(158, 105, 0, '10.80', '251842599', '2024-04-10 07:21:45'),
(159, 109, 0, '8.50', '101692311', '2024-02-07 23:19:32'),
(160, 102, 1, '10.80', NULL, '2024-05-01 17:59:18'),
(161, 108, 0, '10.80', '238130608', '2024-04-18 06:24:20'),
(162, 105, 1, '10.80', NULL, '2024-04-05 01:32:09'),
(163, 103, 1, '12.30', '155547222', '2024-02-12 08:49:52'),
(164, 102, 0, '12.30', NULL, '2024-05-08 07:28:48'),
(165, 102, 1, '15.70', NULL, '2024-02-22 09:02:29'),
(166, 102, 0, '12.30', NULL, '2024-03-01 18:33:54'),
(167, 108, 1, '10.80', NULL, '2024-05-02 21:36:08'),
(168, 107, 1, '12.30', NULL, '2024-02-01 07:47:58'),
(169, 105, 1, '10.80', NULL, '2024-04-28 16:04:32'),
(170, 102, 1, '15.70', '131961046', '2024-03-11 16:31:44'),
(171, 109, 0, '15.70', NULL, '2024-04-14 05:22:05'),
(172, 102, 0, '15.70', NULL, '2024-04-30 10:12:23'),
(173, 105, 0, '8.50', NULL, '2024-05-08 07:54:06'),
(174, 107, 1, '10.80', '267801489', '2024-01-29 19:36:24'),
(175, 103, 1, '12.30', '229739060', '2024-02-01 19:53:43'),
(176, 105, 1, '10.80', NULL, '2024-02-06 04:28:40'),
(177, 108, 0, '8.50', NULL, '2024-01-02 06:08:22'),
(178, 102, 1, '8.50', NULL, '2024-03-09 02:35:07'),
(179, 104, 1, '10.80', NULL, '2024-02-27 11:48:36'),
(180, 107, 0, '10.80', '277698371', '2024-02-06 17:15:13'),
(181, 104, 1, '12.30', '261303479', '2024-02-19 15:22:04'),
(182, 105, 0, '10.80', '260214809', '2024-01-15 23:59:22'),
(183, 107, 1, '8.50', NULL, '2024-02-28 11:13:25'),
(184, 102, 1, '12.30', '332350341', '2024-04-02 14:37:17'),
(185, 104, 1, '12.30', NULL, '2024-04-20 07:13:44'),
(186, 101, 0, '15.70', '383842527', '2024-03-17 12:32:47'),
(187, 105, 1, '15.70', '285734692', '2024-01-19 03:59:05'),
(188, 108, 0, '15.70', '129636126', '2024-04-09 01:48:22'),
(189, 108, 1, '15.70', NULL, '2024-01-07 11:19:53'),
(190, 102, 0, '12.30', NULL, '2024-03-11 11:14:23'),
(191, 100, 0, '8.50', NULL, '2024-03-15 14:29:24'),
(192, 100, 0, '15.70', '290352551', '2024-02-28 13:37:38'),
(193, 102, 0, '8.50', '114224194', '2024-03-19 07:25:46'),
(194, 109, 1, '12.30', '265385109', '2024-03-29 19:53:32'),
(195, 103, 1, '8.50', NULL, '2024-01-31 20:53:41'),
(196, 109, 0, '8.50', '106307108', '2024-04-26 18:48:10'),
(197, 100, 0, '12.30', NULL, '2024-01-22 14:53:58'),
(198, 104, 1, '15.70', '220105391', '2024-02-06 17:21:32'),
(199, 107, 1, '12.30', '114459023', '2024-04-12 16:47:16'),
(200, 100, 1, '15.70', '266030565', '2024-02-18 14:37:09'),
(201, 108, 1, '15.70', NULL, '2024-05-17 13:50:12'),
(202, 100, 0, '8.50', NULL, '2024-02-03 10:37:53'),
(203, 105, 1, '12.30', '275416051', '2024-02-16 04:53:22'),
(204, 108, 1, '8.50', NULL, '2024-03-29 13:37:40'),
(205, 109, 0, '15.70', '361896334', '2024-05-05 17:22:06'),
(206, 104, 1, '8.50', NULL, '2024-03-23 16:59:46'),
(207, 106, 0, '8.50', '100175130', '2024-04-16 14:46:26'),
(208, 104, 0, '8.50', NULL, '2024-03-19 05:48:30'),
(209, 100, 1, '10.80', NULL, '2024-02-08 20:54:05'),
(210, 102, 0, '15.70', NULL, '2024-05-18 19:43:17'),
(211, 102, 0, '8.50', '154028036', '2024-04-24 21:10:11'),
(212, 109, 0, '10.80', NULL, '2024-04-08 10:21:11'),
(213, 107, 1, '12.30', NULL, '2024-01-22 12:30:42'),
(214, 100, 0, '10.80', '351077942', '2024-04-16 00:23:55'),
(215, 104, 0, '12.30', NULL, '2024-02-12 07:30:58'),
(216, 108, 0, '10.80', '192920046', '2024-03-07 21:18:52'),
(217, 109, 0, '15.70', NULL, '2024-03-08 11:16:55'),
(218, 108, 0, '12.30', '108918227', '2024-05-04 10:55:56'),
(219, 105, 0, '10.80', NULL, '2024-01-04 16:11:58'),
(220, 102, 0, '8.50', NULL, '2024-04-19 20:06:40'),
(221, 102, 1, '12.30', '226414720', '2024-04-18 02:45:08'),
(222, 106, 0, '8.50', NULL, '2024-01-07 19:40:36'),
(223, 103, 1, '8.50', '359753724', '2024-03-20 18:57:54'),
(224, 104, 0, '8.50', NULL, '2024-03-05 00:37:55'),
(225, 109, 1, '12.30', '125665096', '2024-03-22 03:24:41'),
(226, 104, 1, '10.80', '132456138', '2024-02-02 18:21:56'),
(227, 102, 0, '12.30', NULL, '2024-04-05 18:25:45'),
(228, 106, 0, '12.30', NULL, '2024-02-21 04:22:07'),
(229, 105, 0, '10.80', NULL, '2024-04-03 07:52:42'),
(230, 100, 0, '15.70', NULL, '2024-03-29 00:13:33'),
(231, 102, 1, '10.80', '132159328', '2024-03-04 01:22:48'),
(232, 107, 0, '12.30', NULL, '2024-03-01 00:01:56'),
(233, 106, 1, '12.30', '307986422', '2024-04-15 12:48:24'),
(234, 109, 0, '15.70', '370669454', '2024-04-02 15:42:58'),
(235, 100, 1, '8.50', '226500998', '2024-05-09 17:48:30'),
(236, 105, 0, '12.30', '297059723', '2024-02-08 09:44:05'),
(237, 105, 0, '12.30', NULL, '2024-04-23 01:36:06'),
(238, 102, 0, '10.80', '361135117', '2024-05-19 10:19:54'),
(239, 102, 0, '15.70', NULL, '2024-05-09 18:55:14'),
(240, 107, 0, '10.80', NULL, '2024-01-06 10:59:58'),
(241, 104, 1, '15.70', '362402694', '2024-04-01 12:22:47'),
(242, 102, 1, '12.30', '145767520', '2024-04-08 10:14:04'),
(243, 104, 1, '15.70', NULL, '2024-02-13 16:11:41'),
(244, 104, 1, '12.30', NULL, '2024-02-12 14:53:57'),
(245, 100, 1, '12.30', NULL, '2024-01-04 04:00:56'),
(246, 103, 0, '12.30', '127259625', '2024-04-16 05:18:18'),
(247, 108, 1, '15.70', NULL, '2024-01-12 01:11:29'),
(248, 109, 0, '8.50', '291087570', '2024-03-21 19:07:48'),
(249, 105, 0, '15.70', NULL, '2024-02-09 05:29:16'),
(250, 105, 1, '10.80', NULL, '2024-02-17 05:59:04'),
(251, 108, 1, '8.50', NULL, '2024-01-25 20:03:59'),
(252, 103, 0, '12.30', '346248888', '2024-04-28 02:04:16'),
(253, 107, 0, '8.50', NULL, '2024-01-17 15:51:23'),
(254, 109, 1, '8.50', '244645619', '2024-04-26 17:13:34'),
(255, 101, 0, '12.30', '173450191', '2024-04-28 12:50:51'),
(256, 106, 1, '8.50', NULL, '2024-03-18 13:34:39'),
(257, 104, 1, '10.80', '298607038', '2024-01-29 11:52:57'),
(258, 108, 0, '12.30', '153393863', '2024-03-20 12:18:10'),
(259, 100, 0, '12.30', NULL, '2024-04-28 10:00:39'),
(260, 108, 1, '15.70', NULL, '2024-01-04 13:27:33'),
(261, 102, 0, '12.30', NULL, '2024-05-04 08:12:51'),
(262, 103, 1, '15.70', '331138514', '2024-01-11 01:34:18'),
(263, 101, 0, '10.80', '181167307', '2024-02-16 11:15:39'),
(264, 102, 1, '12.30', NULL, '2024-01-25 06:12:47'),
(265, 100, 0, '12.30', NULL, '2024-02-04 14:07:55'),
(266, 105, 0, '10.80', NULL, '2024-02-21 21:20:09'),
(267, 103, 0, '15.70', '155146579', '2024-04-13 09:35:18'),
(268, 102, 1, '8.50', '270768052', '2024-02-15 14:58:21'),
(269, 103, 0, '10.80', NULL, '2024-01-31 00:28:51'),
(270, 109, 0, '8.50', NULL, '2024-01-11 04:57:52'),
(271, 109, 1, '10.80', '358839055', '2024-03-21 08:44:23'),
(272, 106, 1, '15.70', NULL, '2024-04-19 10:49:42'),
(273, 108, 1, '12.30', '215632203', '2024-02-17 13:15:54'),
(274, 102, 0, '8.50', '260968839', '2024-04-02 08:22:28'),
(275, 108, 0, '15.70', NULL, '2024-01-15 07:02:24'),
(276, 108, 0, '8.50', '160280332', '2024-01-28 12:11:43'),
(277, 101, 1, '12.30', NULL, '2024-04-29 22:27:47'),
(278, 107, 0, '8.50', NULL, '2024-04-24 09:18:19'),
(279, 103, 1, '15.70', NULL, '2024-04-19 10:53:02'),
(280, 105, 1, '10.80', '112842463', '2024-01-05 08:32:28'),
(281, 102, 1, '12.30', '341993836', '2024-03-13 12:47:04'),
(282, 100, 1, '8.50', NULL, '2024-04-16 00:47:28'),
(283, 105, 1, '10.80', '346503105', '2024-05-06 01:41:39'),
(284, 108, 1, '10.80', '107378524', '2024-01-11 01:46:06'),
(285, 104, 0, '10.80', NULL, '2024-04-18 08:13:30'),
(286, 100, 0, '10.80', '164676250', '2024-03-06 16:11:50'),
(287, 105, 0, '8.50', '306234898', '2024-01-31 03:45:26'),
(288, 105, 1, '12.30', NULL, '2024-05-01 15:26:52'),
(289, 109, 0, '8.50', '198633249', '2024-04-15 12:09:55'),
(290, 103, 1, '8.50', '116637373', '2024-03-16 14:53:52'),
(291, 108, 0, '15.70', NULL, '2024-04-24 03:40:13'),
(292, 108, 1, '10.80', '257931658', '2024-03-18 09:10:33'),
(293, 104, 1, '10.80', '391124159', '2024-01-29 03:15:35'),
(294, 105, 1, '8.50', '392619265', '2024-02-16 23:55:51'),
(295, 100, 1, '12.30', NULL, '2024-05-09 06:59:59'),
(296, 103, 1, '15.70', '200118958', '2024-02-16 07:41:19'),
(297, 108, 1, '15.70', '219779419', '2024-03-15 02:23:19'),
(298, 102, 0, '15.70', '247966390', '2024-01-30 02:59:46'),
(299, 101, 1, '15.70', NULL, '2024-01-09 10:59:28'),
(300, 103, 1, '10.80', NULL, '2024-02-28 09:18:54'),
(301, 105, 0, '8.50', NULL, '2024-01-08 00:11:47'),
(302, 103, 0, '12.30', '123800974', '2024-01-17 06:24:17'),
(303, 105, 1, '10.80', '101451633', '2024-05-09 23:26:25'),
(304, 105, 1, '8.50', NULL, '2024-05-08 04:02:23'),
(305, 106, 1, '15.70', NULL, '2024-04-02 19:49:04'),
(306, 109, 0, '8.50', NULL, '2024-01-06 15:08:42'),
(307, 102, 1, '15.70', '353218164', '2024-04-12 10:13:37'),
(308, 100, 1, '10.80', NULL, '2024-02-17 20:14:09'),
(309, 109, 0, '15.70', NULL, '2024-03-06 13:23:29'),
(310, 101, 1, '10.80', '171695211', '2024-01-02 12:46:41'),
(311, 100, 0, '10.80', '134439902', '2024-03-02 07:29:31'),
(312, 105, 1, '12.30', NULL, '2024-01-28 08:15:51'),
(313, 102, 1, '8.50', '387850204', '2024-03-20 07:58:30'),
(314, 106, 1, '10.80', '373827473', '2024-02-24 22:15:53'),
(315, 103, 1, '8.50', NULL, '2024-01-12 04:25:36'),
(316, 100, 1, '10.80', NULL, '2024-02-13 04:30:15'),
(317, 101, 1, '8.50', '379500548', '2024-04-30 21:09:24'),
(318, 109, 0, '10.80', '303205636', '2024-04-29 06:05:23'),
(319, 107, 1, '15.70', NULL, '2024-03-07 03:05:42'),
(320, 109, 1, '8.50', NULL, '2024-02-08 06:47:44'),
(321, 102, 1, '15.70', '174962138', '2024-04-18 22:48:49'),
(322, 105, 0, '12.30', '189661587', '2024-03-12 12:35:26'),
(323, 103, 1, '8.50', NULL, '2024-02-22 16:15:43'),
(324, 108, 0, '10.80', NULL, '2024-03-20 17:38:02'),
(325, 105, 1, '12.30', NULL, '2024-02-26 18:09:06'),
(326, 101, 1, '10.80', '336670132', '2024-04-20 17:07:29'),
(327, 104, 0, '10.80', '377864696', '2024-03-26 21:31:16'),
(328, 101, 1, '8.50', '354362255', '2024-02-25 18:37:34'),
(329, 102, 1, '10.80', NULL, '2024-03-31 13:38:38'),
(330, 102, 1, '8.50', NULL, '2024-02-29 19:42:11'),
(331, 105, 1, '10.80', '113884599', '2024-05-07 12:14:53'),
(332, 106, 1, '10.80', NULL, '2024-05-16 09:01:19'),
(333, 100, 1, '10.80', '398120876', '2024-02-06 11:17:11'),
(334, 108, 1, '15.70', '179487811', '2024-03-07 12:58:36'),
(335, 109, 1, '15.70', NULL, '2024-05-15 12:57:46'),
(336, 101, 0, '8.50', '106176897', '2024-05-03 06:32:49'),
(337, 105, 0, '10.80', NULL, '2024-02-15 13:54:20'),
(338, 101, 0, '10.80', '148634119', '2024-03-24 10:45:27'),
(339, 100, 0, '8.50', '280476412', '2024-01-20 16:39:03'),
(340, 109, 0, '15.70', '214787020', '2024-04-01 04:05:49'),
(341, 104, 0, '10.80', '121611199', '2024-04-22 09:36:37'),
(342, 108, 1, '12.30', '154473088', '2024-03-09 06:00:33'),
(343, 103, 0, '10.80', NULL, '2024-05-03 23:18:02'),
(344, 103, 1, '15.70', NULL, '2024-03-21 09:06:39'),
(345, 105, 1, '8.50', '331107684', '2024-04-02 13:09:50'),
(346, 109, 0, '15.70', NULL, '2024-01-19 13:12:46'),
(347, 100, 0, '15.70', NULL, '2024-04-21 02:54:36'),
(348, 106, 0, '8.50', NULL, '2024-04-13 06:49:02'),
(349, 107, 0, '10.80', '304673930', '2024-04-24 23:12:49'),
(350, 103, 1, '8.50', NULL, '2024-05-05 09:54:02'),
(351, 104, 0, '8.50', '306271544', '2024-03-11 23:24:37'),
(352, 101, 1, '10.80', NULL, '2024-05-10 10:03:55'),
(353, 106, 1, '8.50', '116356075', '2024-04-02 03:54:44'),
(354, 101, 0, '12.30', '387212000', '2024-01-06 15:22:59'),
(355, 105, 1, '10.80', NULL, '2024-04-03 22:06:12'),
(356, 106, 1, '15.70', NULL, '2024-01-19 16:02:43'),
(357, 105, 1, '15.70', '264611959', '2024-04-05 08:46:47'),
(358, 107, 0, '12.30', '150409341', '2024-01-07 02:07:38'),
(359, 104, 0, '8.50', '181722568', '2024-01-03 21:49:56'),
(360, 109, 1, '12.30', '227658003', '2024-04-11 22:00:52'),
(361, 102, 0, '10.80', NULL, '2024-04-06 17:52:49'),
(362, 104, 0, '15.70', '162652109', '2024-04-28 19:21:31'),
(363, 104, 1, '15.70', '243712747', '2024-02-09 18:02:34'),
(364, 105, 0, '15.70', '296011743', '2024-02-22 10:14:58'),
(365, 108, 1, '8.50', '174568063', '2024-03-06 03:28:57'),
(366, 106, 1, '10.80', NULL, '2024-02-21 03:01:02'),
(367, 104, 0, '10.80', '136130172', '2024-01-25 16:16:27'),
(368, 109, 1, '8.50', NULL, '2024-02-14 06:33:26'),
(369, 106, 0, '8.50', '311953519', '2024-05-02 13:58:30'),
(370, 106, 0, '12.30', NULL, '2024-02-12 06:35:41'),
(371, 100, 1, '10.80', '274435759', '2024-01-31 21:12:11'),
(372, 106, 0, '10.80', '380970026', '2024-01-15 02:58:59'),
(373, 100, 0, '10.80', NULL, '2024-04-07 00:26:03'),
(374, 109, 0, '15.70', NULL, '2024-03-13 01:27:49'),
(375, 105, 1, '8.50', NULL, '2024-01-22 00:47:06'),
(376, 105, 0, '12.30', '382104408', '2024-02-21 08:07:46'),
(377, 100, 0, '15.70', '393803811', '2024-01-09 18:58:55'),
(378, 100, 0, '15.70', NULL, '2024-05-05 01:03:51'),
(379, 106, 0, '15.70', '197590537', '2024-05-02 12:03:49'),
(380, 104, 0, '15.70', NULL, '2024-03-23 06:15:29'),
(381, 104, 0, '10.80', NULL, '2024-03-28 23:05:11'),
(382, 106, 0, '8.50', '205923489', '2024-01-02 04:47:49'),
(383, 102, 1, '12.30', NULL, '2024-01-08 04:35:04'),
(384, 105, 0, '8.50', '216463749', '2024-02-24 03:38:50'),
(385, 100, 1, '10.80', '280814917', '2024-05-15 21:54:28'),
(386, 104, 1, '10.80', '153880581', '2024-05-15 01:36:40'),
(387, 109, 1, '12.30', NULL, '2024-03-31 08:44:00'),
(388, 100, 1, '15.70', '151321335', '2024-01-01 17:49:16'),
(389, 100, 0, '10.80', NULL, '2024-02-07 12:04:40'),
(390, 101, 1, '10.80', NULL, '2024-04-27 01:52:04'),
(391, 103, 0, '12.30', NULL, '2024-03-14 04:48:37'),
(392, 105, 0, '8.50', NULL, '2024-04-17 20:54:10'),
(393, 104, 0, '12.30', NULL, '2024-01-27 05:33:12'),
(394, 106, 0, '10.80', '118204784', '2024-03-30 00:37:36'),
(395, 102, 0, '12.30', '160030006', '2024-03-03 00:59:21'),
(396, 104, 0, '15.70', '147855918', '2024-01-31 18:56:08'),
(397, 105, 0, '15.70', '399873416', '2024-03-04 09:19:36'),
(398, 105, 1, '15.70', NULL, '2024-01-20 08:00:09'),
(399, 108, 0, '8.50', '385080263', '2024-02-20 09:48:49'),
(400, 106, 0, '8.50', NULL, '2024-02-15 21:09:52'),
(401, 102, 0, '8.50', '202545604', '2024-05-12 15:52:55'),
(402, 101, 0, '8.50', NULL, '2024-01-12 23:26:49'),
(403, 104, 0, '15.70', NULL, '2024-04-05 21:15:49'),
(404, 105, 1, '10.80', NULL, '2024-01-15 23:27:42'),
(405, 100, 0, '10.80', NULL, '2024-05-17 21:01:29'),
(406, 104, 1, '15.70', '329016581', '2024-04-17 17:10:05'),
(407, 103, 1, '10.80', NULL, '2024-01-04 17:31:33'),
(408, 100, 0, '10.80', '307834204', '2024-02-01 09:46:45'),
(409, 100, 1, '10.80', '346418352', '2024-05-02 11:12:42'),
(410, 100, 0, '15.70', NULL, '2024-01-21 10:20:11'),
(411, 100, 0, '10.80', '169038243', '2024-04-04 15:03:06'),
(412, 102, 0, '15.70', NULL, '2024-04-01 19:01:06'),
(413, 100, 1, '10.80', '314335948', '2024-02-28 05:50:49'),
(414, 109, 1, '15.70', NULL, '2024-02-20 01:36:27'),
(415, 100, 0, '8.50', NULL, '2024-01-26 07:26:59'),
(416, 101, 0, '12.30', NULL, '2024-03-11 03:07:44'),
(417, 105, 1, '8.50', '288616376', '2024-03-24 21:07:04'),
(418, 107, 0, '15.70', NULL, '2024-02-01 23:11:26'),
(419, 102, 1, '10.80', '152115245', '2024-02-10 23:04:39'),
(420, 107, 1, '8.50', '189485799', '2024-01-20 05:48:39'),
(421, 105, 1, '8.50', NULL, '2024-05-15 16:16:43'),
(422, 105, 1, '8.50', '305635625', '2024-02-27 04:55:50'),
(423, 104, 0, '10.80', '175736928', '2024-01-17 13:30:58'),
(424, 101, 0, '8.50', NULL, '2024-03-18 10:54:50'),
(425, 103, 1, '8.50', '323045107', '2024-01-19 02:15:18'),
(426, 104, 1, '15.70', NULL, '2024-03-17 23:25:49'),
(427, 104, 0, '8.50', NULL, '2024-05-18 09:39:14'),
(428, 109, 0, '8.50', '313723055', '2024-03-29 04:12:27'),
(429, 100, 0, '12.30', NULL, '2024-01-25 06:34:18'),
(430, 107, 0, '10.80', NULL, '2024-03-30 19:56:13'),
(431, 101, 0, '15.70', '361255856', '2024-03-27 07:49:52'),
(432, 100, 0, '10.80', NULL, '2024-02-27 04:47:13'),
(433, 102, 0, '12.30', '251835709', '2024-03-30 13:30:19'),
(434, 105, 0, '8.50', NULL, '2024-01-20 21:16:51'),
(435, 103, 0, '8.50', NULL, '2024-05-05 12:18:10'),
(436, 104, 0, '8.50', '229233580', '2024-03-28 12:47:20'),
(437, 100, 1, '10.80', '204963882', '2024-01-18 04:31:17'),
(438, 103, 1, '12.30', NULL, '2024-02-12 04:40:24'),
(439, 105, 0, '8.50', '132075089', '2024-01-25 10:46:17'),
(440, 103, 0, '10.80', '172964908', '2024-02-27 12:21:59'),
(441, 106, 0, '15.70', NULL, '2024-03-19 00:07:01'),
(442, 102, 0, '8.50', NULL, '2024-05-04 08:28:10'),
(443, 107, 1, '8.50', NULL, '2024-01-08 23:44:08'),
(444, 101, 0, '12.30', NULL, '2024-01-23 17:07:50'),
(445, 103, 0, '10.80', '114799120', '2024-05-09 05:35:54'),
(446, 100, 0, '8.50', NULL, '2024-01-02 06:06:50'),
(447, 108, 0, '8.50', '146945053', '2024-04-24 15:48:22'),
(448, 103, 1, '12.30', NULL, '2024-05-18 01:37:21'),
(449, 101, 1, '10.80', NULL, '2024-04-06 00:31:06'),
(450, 102, 1, '10.80', '381190078', '2024-01-15 09:13:47'),
(451, 109, 0, '15.70', NULL, '2024-03-27 20:51:08'),
(452, 108, 0, '8.50', '338546581', '2024-03-29 21:17:17'),
(453, 108, 0, '10.80', NULL, '2024-03-14 07:54:59'),
(454, 105, 1, '10.80', NULL, '2024-01-10 14:56:14'),
(455, 102, 0, '8.50', NULL, '2024-01-30 02:16:22'),
(456, 105, 1, '12.30', '170525072', '2024-02-21 04:09:07'),
(457, 108, 0, '12.30', NULL, '2024-04-05 12:14:41'),
(458, 108, 0, '12.30', NULL, '2024-02-19 14:16:06'),
(459, 109, 0, '12.30', '131545411', '2024-04-13 15:20:08'),
(460, 107, 0, '8.50', '123706566', '2024-03-20 05:19:38'),
(461, 108, 0, '10.80', '381926962', '2024-03-14 18:44:12'),
(462, 105, 1, '8.50', NULL, '2024-03-05 04:52:09'),
(463, 109, 0, '10.80', '191193696', '2024-03-11 17:52:11'),
(464, 102, 0, '15.70', NULL, '2024-01-18 14:09:37'),
(465, 101, 1, '15.70', NULL, '2024-01-17 17:26:01'),
(466, 100, 0, '12.30', '283595964', '2024-01-02 10:32:25'),
(467, 107, 1, '15.70', NULL, '2024-04-15 17:24:27'),
(468, 102, 0, '10.80', '196657314', '2024-04-16 09:56:43'),
(469, 101, 0, '10.80', NULL, '2024-04-24 13:06:44'),
(470, 107, 0, '12.30', '321130899', '2024-05-12 20:48:01'),
(471, 106, 0, '10.80', NULL, '2024-01-27 02:38:45'),
(472, 100, 0, '15.70', '161625434', '2024-01-13 17:35:08'),
(473, 103, 1, '12.30', NULL, '2024-04-07 06:56:01'),
(474, 109, 1, '10.80', '349008422', '2024-02-07 02:53:03'),
(475, 107, 1, '8.50', NULL, '2024-05-10 10:34:50'),
(476, 101, 1, '15.70', '166119045', '2024-03-23 14:29:52'),
(477, 109, 0, '10.80', '201691077', '2024-02-04 13:51:13'),
(478, 106, 0, '10.80', '317411579', '2024-02-03 21:16:36'),
(479, 106, 1, '8.50', NULL, '2024-04-27 09:37:24'),
(480, 105, 1, '12.30', NULL, '2024-02-23 02:28:19'),
(481, 104, 1, '10.80', NULL, '2024-01-01 22:45:02'),
(482, 108, 0, '10.80', '195335597', '2024-03-10 22:02:28'),
(483, 107, 1, '8.50', '230981974', '2024-03-08 12:43:47'),
(484, 106, 1, '8.50', '181633863', '2024-03-02 23:25:01'),
(485, 104, 0, '10.80', '359650278', '2024-02-25 11:17:50'),
(486, 106, 1, '10.80', '151520193', '2024-01-06 08:48:50'),
(487, 100, 0, '8.50', '209246840', '2024-02-29 03:03:13'),
(488, 100, 0, '10.80', NULL, '2024-01-28 19:06:05'),
(489, 102, 1, '8.50', NULL, '2024-04-04 18:20:01'),
(490, 104, 0, '8.50', '284344794', '2024-02-27 08:12:08'),
(491, 109, 0, '12.30', '185196952', '2024-04-16 03:56:59'),
(492, 108, 0, '12.30', '214621580', '2024-04-23 10:52:16'),
(493, 104, 1, '8.50', '368653289', '2024-02-08 20:17:05'),
(494, 109, 0, '15.70', '279974170', '2024-01-04 21:39:25'),
(495, 108, 1, '8.50', NULL, '2024-02-04 03:16:59'),
(496, 103, 1, '12.30', NULL, '2024-02-04 05:41:04'),
(497, 105, 0, '10.80', NULL, '2024-02-06 20:53:46'),
(498, 106, 0, '12.30', '232252018', '2024-03-03 19:04:31'),
(499, 103, 1, '12.30', NULL, '2024-05-07 01:14:44'),
(500, 109, 0, '15.70', '152953927', '2024-03-30 03:14:10'),
(501, 106, 1, '8.50', NULL, '2024-04-13 03:55:13'),
(502, 101, 1, '15.70', '321345230', '2024-02-15 15:56:08'),
(503, 107, 1, '10.80', '334745876', '2024-04-01 20:35:01'),
(504, 103, 1, '15.70', '324441619', '2024-01-02 11:29:59'),
(505, 105, 0, '8.50', '194675143', '2024-02-10 15:09:37'),
(506, 102, 1, '15.70', NULL, '2024-03-22 00:46:22'),
(507, 109, 0, '10.80', '253848999', '2024-05-09 06:32:02'),
(508, 106, 1, '12.30', NULL, '2024-03-26 21:30:17'),
(509, 101, 1, '10.80', NULL, '2024-01-25 04:24:40'),
(510, 101, 1, '15.70', '265849800', '2024-04-26 08:15:48'),
(511, 101, 0, '15.70', NULL, '2024-05-14 22:52:25'),
(512, 107, 1, '8.50', '138232472', '2024-04-08 08:09:29'),
(513, 103, 1, '8.50', NULL, '2024-03-11 19:56:27'),
(514, 103, 1, '8.50', NULL, '2024-02-23 16:06:49'),
(515, 105, 0, '8.50', NULL, '2024-02-18 11:27:39'),
(516, 100, 0, '15.70', NULL, '2024-01-31 10:13:21'),
(517, 108, 0, '8.50', '371510613', '2024-05-19 18:46:46'),
(518, 106, 0, '15.70', NULL, '2024-02-01 02:38:49'),
(519, 100, 0, '12.30', NULL, '2024-01-11 02:22:41'),
(520, 109, 0, '12.30', NULL, '2024-05-12 20:01:15'),
(521, 106, 0, '12.30', NULL, '2024-02-28 23:35:45'),
(522, 104, 0, '8.50', NULL, '2024-05-14 07:38:52'),
(523, 101, 1, '10.80', '268819739', '2024-04-15 23:06:18'),
(524, 102, 0, '8.50', '113344537', '2024-03-03 01:23:51'),
(525, 105, 1, '15.70', '339157197', '2024-05-01 16:02:35'),
(526, 106, 0, '10.80', '133602941', '2024-02-29 12:21:25'),
(527, 100, 0, '12.30', NULL, '2024-05-01 00:33:17'),
(528, 103, 1, '8.50', '318503408', '2024-01-18 04:24:41'),
(529, 108, 1, '15.70', NULL, '2024-02-27 13:24:38'),
(530, 100, 1, '15.70', '283359958', '2024-01-16 20:48:30'),
(531, 109, 0, '15.70', '197316880', '2024-01-16 18:06:47'),
(532, 106, 0, '15.70', '246676519', '2024-03-16 01:25:20'),
(533, 102, 0, '12.30', '359535147', '2024-04-06 01:31:53'),
(534, 106, 0, '10.80', '282364916', '2024-04-05 00:10:35'),
(535, 108, 1, '15.70', NULL, '2024-02-22 13:40:58'),
(536, 100, 1, '15.70', NULL, '2024-05-06 19:47:34'),
(537, 103, 1, '10.80', NULL, '2024-01-26 23:41:31'),
(538, 105, 1, '10.80', NULL, '2024-03-01 06:26:08'),
(539, 101, 1, '12.30', NULL, '2024-04-27 20:02:13'),
(540, 109, 0, '12.30', NULL, '2024-04-22 16:03:59'),
(541, 104, 0, '10.80', NULL, '2024-01-20 14:24:20'),
(542, 106, 1, '15.70', '279711983', '2024-03-27 06:23:13'),
(543, 106, 0, '15.70', '123615510', '2024-04-04 16:42:21'),
(544, 102, 1, '10.80', NULL, '2024-02-04 02:33:02'),
(545, 107, 0, '15.70', '341203175', '2024-01-03 20:10:22'),
(546, 109, 0, '12.30', '290777658', '2024-03-11 17:24:33'),
(547, 102, 1, '15.70', NULL, '2024-01-22 11:50:55'),
(548, 104, 0, '8.50', '199216574', '2024-01-09 20:56:48'),
(549, 100, 1, '10.80', '361121549', '2024-01-14 17:57:52'),
(550, 109, 0, '10.80', '384767806', '2024-01-02 22:48:53'),
(551, 102, 1, '15.70', '319671861', '2024-02-02 15:48:53'),
(552, 108, 0, '8.50', NULL, '2024-01-10 05:11:01'),
(553, 104, 1, '15.70', NULL, '2024-03-05 02:06:01'),
(554, 109, 0, '10.80', NULL, '2024-02-06 08:46:07'),
(555, 108, 1, '10.80', NULL, '2024-02-09 09:11:07'),
(556, 107, 1, '8.50', NULL, '2024-03-18 13:53:33'),
(557, 107, 0, '12.30', NULL, '2024-03-14 22:22:26'),
(558, 102, 0, '15.70', '105406786', '2024-04-27 15:39:29'),
(559, 109, 0, '15.70', NULL, '2024-04-17 09:45:38'),
(560, 104, 1, '15.70', '214538355', '2024-02-01 09:03:49'),
(561, 100, 1, '10.80', '392717333', '2024-03-08 12:33:34'),
(562, 108, 0, '15.70', NULL, '2024-03-06 04:25:19'),
(563, 109, 1, '12.30', '141224276', '2024-04-23 15:23:42'),
(564, 100, 0, '12.30', NULL, '2024-03-13 19:14:24'),
(565, 106, 0, '15.70', '189156052', '2024-03-27 03:51:44'),
(566, 100, 0, '12.30', NULL, '2024-01-22 17:13:23'),
(567, 106, 0, '15.70', NULL, '2024-04-07 14:45:50'),
(568, 109, 0, '10.80', '369961232', '2024-05-12 01:39:57'),
(569, 103, 0, '10.80', '334068636', '2024-03-12 06:22:38'),
(570, 100, 0, '15.70', '130914212', '2024-04-23 14:00:14'),
(571, 105, 1, '15.70', '152284429', '2024-02-20 23:31:38'),
(572, 106, 0, '10.80', '175011106', '2024-04-08 22:23:21'),
(573, 104, 1, '10.80', '376106743', '2024-02-28 15:04:23'),
(574, 103, 0, '10.80', NULL, '2024-01-22 23:29:20'),
(575, 104, 1, '12.30', '250456921', '2024-04-20 23:27:35'),
(576, 107, 1, '12.30', '288410931', '2024-01-22 12:17:56'),
(577, 103, 1, '12.30', NULL, '2024-01-19 01:05:24'),
(578, 103, 0, '10.80', NULL, '2024-04-17 07:29:27'),
(579, 107, 0, '8.50', '331728690', '2024-01-24 02:55:12'),
(580, 109, 1, '12.30', '136973482', '2024-01-23 09:50:16'),
(581, 104, 1, '8.50', NULL, '2024-01-21 22:11:51'),
(582, 108, 0, '15.70', '327113518', '2024-01-20 16:17:44'),
(583, 107, 0, '8.50', '299622961', '2024-03-29 11:14:32'),
(584, 108, 0, '8.50', NULL, '2024-04-30 04:30:48'),
(585, 108, 0, '10.80', '291683879', '2024-03-18 14:34:15'),
(586, 104, 0, '12.30', '140198138', '2024-04-26 09:28:36'),
(587, 101, 0, '8.50', '290873157', '2024-04-07 14:32:06'),
(588, 105, 1, '15.70', NULL, '2024-03-18 09:15:10'),
(589, 103, 1, '8.50', NULL, '2024-04-13 14:20:06'),
(590, 102, 1, '15.70', NULL, '2024-01-06 14:31:07'),
(591, 102, 0, '10.80', NULL, '2024-05-04 02:46:36'),
(592, 103, 1, '12.30', '171958596', '2024-02-20 10:26:05'),
(593, 108, 0, '15.70', NULL, '2024-04-26 18:10:43'),
(594, 107, 1, '15.70', '218657516', '2024-01-14 22:55:49'),
(595, 106, 1, '12.30', NULL, '2024-01-09 04:54:55'),
(596, 107, 1, '12.30', NULL, '2024-04-23 06:05:34'),
(597, 108, 0, '10.80', '151344358', '2024-02-11 19:32:00'),
(598, 102, 1, '12.30', NULL, '2024-04-02 08:20:46'),
(599, 108, 0, '12.30', NULL, '2024-04-13 07:13:03'),
(600, 105, 1, '12.30', '191464927', '2024-03-31 05:22:02'),
(601, 108, 1, '10.80', NULL, '2024-01-15 19:43:24'),
(602, 101, 0, '8.50', NULL, '2024-03-23 01:48:25'),
(603, 103, 1, '12.30', '341517073', '2024-04-23 21:37:17'),
(604, 107, 0, '15.70', NULL, '2024-04-04 17:09:46'),
(605, 104, 0, '15.70', NULL, '2024-04-28 22:25:27'),
(606, 106, 1, '12.30', '267700174', '2024-02-29 11:20:53'),
(607, 105, 1, '8.50', NULL, '2024-03-26 16:36:54'),
(608, 107, 0, '15.70', '106561325', '2024-04-26 08:28:10'),
(609, 104, 0, '12.30', NULL, '2024-02-09 11:50:46'),
(610, 105, 1, '15.70', NULL, '2024-04-15 18:56:41'),
(611, 109, 0, '10.80', '163965795', '2024-03-14 15:24:36'),
(612, 109, 1, '10.80', NULL, '2024-03-18 18:17:54'),
(613, 105, 1, '10.80', '258940080', '2024-03-21 21:30:05'),
(614, 109, 0, '10.80', '365523169', '2024-02-21 14:06:55'),
(615, 108, 1, '12.30', NULL, '2024-04-23 19:14:44'),
(616, 109, 1, '8.50', '169478055', '2024-03-13 06:40:47'),
(617, 100, 1, '15.70', '256885942', '2024-02-18 12:35:29'),
(618, 106, 1, '15.70', NULL, '2024-05-02 11:31:24'),
(619, 109, 0, '8.50', '336540712', '2024-03-02 23:09:46'),
(620, 109, 1, '8.50', '214382628', '2024-04-29 00:00:39'),
(621, 105, 1, '8.50', NULL, '2024-01-10 02:36:40'),
(622, 107, 0, '12.30', NULL, '2024-04-18 14:38:10'),
(623, 105, 1, '10.80', '361153116', '2024-01-16 10:07:55'),
(624, 107, 1, '8.50', '222650181', '2024-04-09 15:58:52'),
(625, 106, 0, '10.80', '336422429', '2024-04-27 07:41:51'),
(626, 106, 0, '8.50', NULL, '2024-03-04 00:55:31'),
(627, 103, 1, '15.70', '304757096', '2024-05-19 14:54:15'),
(628, 105, 0, '12.30', '183221893', '2024-03-31 20:11:21'),
(629, 101, 0, '8.50', '263523220', '2024-05-09 18:17:21'),
(630, 107, 1, '10.80', '347887354', '2024-04-12 10:26:05'),
(631, 102, 1, '8.50', '164589885', '2024-03-29 08:26:56'),
(632, 102, 0, '8.50', NULL, '2024-05-19 18:42:30'),
(633, 103, 1, '15.70', NULL, '2024-04-11 21:14:20'),
(634, 108, 0, '12.30', NULL, '2024-03-22 15:27:14'),
(635, 106, 1, '8.50', '300292876', '2024-05-13 06:27:33'),
(636, 105, 1, '15.70', '368251708', '2024-04-03 10:22:25'),
(637, 100, 1, '8.50', NULL, '2024-04-25 20:43:34'),
(638, 105, 0, '12.30', NULL, '2024-05-10 06:17:21'),
(639, 101, 0, '15.70', NULL, '2024-02-27 00:21:32'),
(640, 106, 1, '12.30', '196791885', '2024-05-09 12:34:49'),
(641, 104, 1, '10.80', '353226237', '2024-03-15 08:59:07'),
(642, 109, 1, '10.80', NULL, '2024-01-21 13:11:35'),
(643, 103, 1, '12.30', NULL, '2024-04-25 04:13:23'),
(644, 107, 1, '15.70', '351664082', '2024-05-18 21:39:12'),
(645, 103, 0, '12.30', '154393624', '2024-02-04 20:17:07'),
(646, 109, 1, '10.80', '399550174', '2024-05-14 12:28:11'),
(647, 102, 0, '12.30', '164484670', '2024-04-01 18:53:37'),
(648, 106, 1, '10.80', NULL, '2024-03-21 01:18:33'),
(649, 107, 1, '10.80', NULL, '2024-02-14 00:16:22'),
(650, 109, 0, '8.50', NULL, '2024-03-01 15:35:15'),
(651, 100, 1, '8.50', '194384916', '2024-01-03 12:46:59'),
(652, 103, 0, '15.70', '177461103', '2024-03-01 06:50:32'),
(653, 106, 1, '10.80', NULL, '2024-02-06 01:20:16'),
(654, 106, 1, '10.80', '198053654', '2024-01-31 06:03:00'),
(655, 102, 0, '15.70', '263671508', '2024-01-15 16:37:17'),
(656, 107, 1, '12.30', NULL, '2024-04-21 10:38:40'),
(657, 102, 1, '15.70', NULL, '2024-05-13 17:20:37'),
(658, 106, 1, '10.80', '385106285', '2024-04-02 07:32:44'),
(659, 108, 1, '15.70', NULL, '2024-02-28 14:47:43'),
(660, 103, 1, '15.70', NULL, '2024-02-15 22:16:00'),
(661, 109, 1, '12.30', NULL, '2024-04-06 09:06:37'),
(662, 104, 0, '10.80', '175784894', '2024-03-17 09:44:19'),
(663, 104, 0, '15.70', NULL, '2024-04-10 03:04:54'),
(664, 109, 0, '15.70', '332477105', '2024-01-08 00:17:49'),
(665, 100, 0, '15.70', NULL, '2024-03-18 22:14:58'),
(666, 108, 1, '10.80', NULL, '2024-05-17 06:09:26'),
(667, 100, 0, '15.70', '348465828', '2024-01-16 08:10:34'),
(668, 102, 1, '15.70', NULL, '2024-04-15 23:19:46'),
(669, 109, 0, '8.50', NULL, '2024-01-31 18:52:14'),
(670, 104, 1, '8.50', NULL, '2024-01-14 17:03:58'),
(671, 106, 1, '15.70', NULL, '2024-01-15 02:20:00'),
(672, 105, 1, '15.70', '374378622', '2024-01-05 09:08:33'),
(673, 105, 0, '12.30', '202101214', '2024-01-04 01:39:18'),
(674, 104, 1, '15.70', NULL, '2024-01-02 07:45:24'),
(675, 106, 0, '10.80', '313364379', '2024-01-06 05:52:55'),
(676, 109, 1, '10.80', NULL, '2024-02-23 05:59:34'),
(677, 101, 0, '15.70', '293177017', '2024-03-28 10:04:25'),
(678, 106, 0, '15.70', NULL, '2024-03-08 02:30:30'),
(679, 102, 1, '8.50', '244303890', '2024-01-30 00:13:32'),
(680, 100, 0, '15.70', '287211508', '2024-04-09 00:29:29'),
(681, 103, 1, '15.70', NULL, '2024-05-08 18:37:37'),
(682, 106, 0, '8.50', '390226866', '2024-05-07 18:09:42'),
(683, 100, 1, '10.80', '301455106', '2024-04-23 19:05:38'),
(684, 101, 1, '12.30', '311954588', '2024-03-22 14:52:55'),
(685, 105, 1, '8.50', '204716544', '2024-04-18 21:02:00'),
(686, 100, 0, '15.70', NULL, '2024-02-13 06:15:44'),
(687, 101, 0, '10.80', '354352928', '2024-04-30 13:21:34'),
(688, 108, 1, '15.70', '356034952', '2024-05-17 06:10:46'),
(689, 102, 0, '12.30', NULL, '2024-03-13 09:48:37'),
(690, 105, 0, '12.30', NULL, '2024-02-04 12:38:47'),
(691, 106, 0, '15.70', NULL, '2024-04-30 05:21:02'),
(692, 104, 0, '12.30', NULL, '2024-02-01 00:30:42'),
(693, 103, 1, '10.80', '273901222', '2024-01-17 22:47:47'),
(694, 102, 0, '8.50', NULL, '2024-05-10 07:24:52'),
(695, 108, 1, '12.30', NULL, '2024-02-14 05:29:14'),
(696, 109, 0, '8.50', NULL, '2024-02-22 20:54:56'),
(697, 109, 0, '12.30', NULL, '2024-04-12 23:08:09'),
(698, 101, 1, '12.30', '178407265', '2024-02-07 06:13:12'),
(699, 108, 0, '8.50', NULL, '2024-02-05 22:22:10'),
(700, 107, 1, '8.50', '149991010', '2024-01-13 06:14:41'),
(701, 100, 0, '12.30', '311870572', '2024-05-01 12:43:55'),
(702, 108, 0, '10.80', '393386549', '2024-04-22 10:13:05'),
(703, 107, 0, '12.30', NULL, '2024-04-17 09:05:12'),
(704, 104, 0, '10.80', NULL, '2024-01-13 03:02:31'),
(705, 104, 0, '15.70', NULL, '2024-03-07 20:58:09'),
(706, 109, 0, '10.80', NULL, '2024-05-17 08:16:55'),
(707, 108, 1, '12.30', NULL, '2024-01-23 04:08:06'),
(708, 105, 0, '8.50', '165741724', '2024-03-12 14:02:23'),
(709, 108, 0, '8.50', '209085249', '2024-03-28 19:42:39'),
(710, 105, 1, '10.80', '140207511', '2024-04-15 19:44:25'),
(711, 101, 1, '12.30', '195797937', '2024-02-14 22:36:58'),
(712, 103, 1, '8.50', '207938532', '2024-04-19 23:31:23'),
(713, 108, 1, '8.50', '321645779', '2024-02-01 12:42:22'),
(714, 101, 0, '10.80', '137320291', '2024-01-10 10:07:55'),
(715, 105, 1, '12.30', '357659603', '2024-01-22 08:15:07'),
(716, 101, 0, '15.70', '315774382', '2024-01-28 13:25:54'),
(717, 108, 0, '15.70', '178930750', '2024-03-12 09:47:46'),
(718, 107, 1, '12.30', '170675987', '2024-04-07 04:44:41'),
(719, 103, 1, '12.30', NULL, '2024-02-03 05:59:21'),
(720, 108, 1, '8.50', '202193920', '2024-02-27 19:39:33'),
(721, 103, 0, '8.50', NULL, '2024-02-09 07:11:46'),
(722, 100, 0, '15.70', NULL, '2024-01-01 22:06:07'),
(723, 107, 1, '8.50', '208967786', '2024-03-13 23:39:44'),
(724, 106, 0, '10.80', '182297431', '2024-04-25 00:55:35'),
(725, 100, 1, '15.70', '284398479', '2024-02-12 22:21:28'),
(726, 107, 1, '12.30', '293901905', '2024-04-25 03:00:06'),
(727, 105, 1, '10.80', NULL, '2024-02-29 18:42:14'),
(728, 103, 0, '10.80', '253992673', '2024-04-28 02:52:38'),
(729, 101, 0, '12.30', '309828495', '2024-03-14 12:43:15'),
(730, 109, 0, '12.30', NULL, '2024-01-09 17:19:13'),
(731, 104, 0, '8.50', NULL, '2024-05-14 00:25:19'),
(732, 106, 0, '10.80', '254908393', '2024-04-13 22:35:44'),
(733, 107, 0, '15.70', NULL, '2024-03-26 14:49:27'),
(734, 106, 1, '15.70', '356267340', '2024-04-16 01:26:11'),
(735, 103, 1, '8.50', NULL, '2024-05-02 05:55:22'),
(736, 109, 1, '15.70', NULL, '2024-02-28 00:54:05'),
(737, 109, 1, '10.80', '179753407', '2024-04-06 14:46:01'),
(738, 107, 0, '15.70', NULL, '2024-01-10 01:41:43'),
(739, 109, 0, '8.50', '172597273', '2024-04-07 18:19:47'),
(740, 106, 0, '15.70', NULL, '2024-03-10 13:00:37'),
(741, 107, 1, '15.70', '166180760', '2024-04-09 01:38:58'),
(742, 102, 1, '8.50', NULL, '2024-01-08 02:37:20'),
(743, 106, 1, '10.80', NULL, '2024-02-09 20:04:35'),
(744, 107, 1, '8.50', '284147304', '2024-02-22 20:37:34'),
(745, 102, 0, '8.50', '383549150', '2024-01-07 02:38:05'),
(746, 106, 0, '8.50', NULL, '2024-01-08 18:16:41'),
(747, 104, 0, '12.30', '167327678', '2024-01-31 11:29:48'),
(748, 105, 1, '8.50', '153905721', '2024-01-17 02:59:29'),
(749, 105, 0, '10.80', NULL, '2024-04-11 23:29:02'),
(750, 105, 1, '12.30', NULL, '2024-04-13 08:37:40'),
(751, 103, 1, '10.80', NULL, '2024-02-02 03:36:40'),
(752, 103, 1, '15.70', '166713822', '2024-05-17 12:30:51'),
(753, 101, 1, '15.70', NULL, '2024-04-10 18:51:26'),
(754, 106, 1, '10.80', '389880836', '2024-02-01 01:23:06'),
(755, 102, 0, '8.50', '255026740', '2024-01-31 00:04:23'),
(756, 103, 1, '8.50', '274087857', '2024-01-07 01:44:54'),
(757, 104, 1, '12.30', '129667802', '2024-02-22 04:04:19'),
(758, 102, 0, '8.50', '348789497', '2024-04-30 01:54:55'),
(759, 108, 0, '12.30', '395538902', '2024-04-23 03:34:18'),
(760, 105, 1, '10.80', NULL, '2024-01-05 17:41:26'),
(761, 102, 1, '10.80', NULL, '2024-03-31 12:13:56'),
(762, 109, 0, '15.70', NULL, '2024-01-22 16:09:38'),
(763, 106, 0, '8.50', NULL, '2024-01-08 16:47:48'),
(764, 108, 0, '10.80', '117973178', '2024-04-08 18:35:27'),
(765, 108, 1, '8.50', NULL, '2024-01-09 20:39:02'),
(766, 105, 1, '12.30', NULL, '2024-05-08 11:34:54'),
(767, 108, 1, '12.30', NULL, '2024-02-01 22:36:06'),
(768, 105, 0, '10.80', NULL, '2024-04-10 01:10:30'),
(769, 105, 1, '10.80', '382220417', '2024-05-12 18:00:54'),
(770, 102, 0, '10.80', '125570958', '2024-03-31 01:52:12'),
(771, 106, 1, '15.70', NULL, '2024-02-21 06:42:31'),
(772, 104, 0, '12.30', '190323902', '2024-03-20 22:11:55'),
(773, 107, 0, '12.30', NULL, '2024-02-20 16:21:00'),
(774, 106, 0, '8.50', NULL, '2024-03-10 00:57:48'),
(775, 104, 1, '10.80', '245555882', '2024-02-06 05:30:33'),
(776, 106, 1, '15.70', NULL, '2024-04-03 08:00:31'),
(777, 108, 0, '15.70', '346548648', '2024-01-21 18:18:47'),
(778, 102, 0, '12.30', '287637796', '2024-02-11 23:23:06'),
(779, 101, 0, '15.70', NULL, '2024-05-16 09:54:39'),
(780, 105, 1, '10.80', '222511966', '2024-01-03 22:51:58'),
(781, 103, 1, '8.50', NULL, '2024-04-04 11:37:55'),
(782, 100, 1, '15.70', NULL, '2024-05-03 18:11:26'),
(783, 105, 0, '8.50', NULL, '2024-04-04 23:15:27'),
(784, 100, 0, '15.70', '108653705', '2024-03-28 02:09:55'),
(785, 103, 0, '10.80', NULL, '2024-04-07 17:17:25'),
(786, 100, 0, '12.30', '263822907', '2024-05-04 12:25:48'),
(787, 101, 0, '10.80', NULL, '2024-05-08 15:30:32'),
(788, 108, 1, '15.70', '235900778', '2024-01-21 04:52:27'),
(789, 104, 1, '10.80', '302936873', '2024-02-06 06:58:41'),
(790, 105, 1, '15.70', NULL, '2024-01-09 12:09:02'),
(791, 102, 1, '8.50', '131565860', '2024-03-19 09:04:38'),
(792, 107, 0, '15.70', '346365378', '2024-03-26 05:43:48'),
(793, 109, 1, '10.80', NULL, '2024-01-29 04:41:15'),
(794, 102, 0, '10.80', NULL, '2024-03-19 11:40:20'),
(795, 107, 1, '10.80', NULL, '2024-05-02 03:33:52'),
(796, 104, 1, '10.80', '289904289', '2024-03-11 02:26:17'),
(797, 100, 1, '15.70', '165687612', '2024-03-19 18:46:36'),
(798, 109, 1, '10.80', NULL, '2024-01-19 00:02:39'),
(799, 106, 1, '8.50', NULL, '2024-02-23 01:41:05'),
(800, 109, 0, '12.30', NULL, '2024-03-11 09:47:06'),
(801, 102, 0, '12.30', '345058962', '2024-03-28 09:33:49'),
(802, 102, 0, '8.50', '243396439', '2024-02-23 05:42:17'),
(803, 105, 0, '15.70', NULL, '2024-04-02 18:20:55'),
(804, 109, 1, '8.50', NULL, '2024-03-31 09:54:17'),
(805, 103, 1, '8.50', NULL, '2024-04-25 16:28:29'),
(806, 104, 0, '12.30', NULL, '2024-04-08 23:18:18'),
(807, 101, 0, '10.80', '294866216', '2024-04-10 16:27:09'),
(808, 108, 0, '15.70', NULL, '2024-01-13 10:21:13'),
(809, 100, 0, '15.70', '364937519', '2024-02-02 00:49:43'),
(810, 108, 0, '10.80', NULL, '2024-01-21 04:58:14'),
(811, 102, 0, '8.50', '267167246', '2024-01-16 16:35:49'),
(812, 103, 0, '10.80', '328125714', '2024-03-07 23:12:10'),
(813, 105, 1, '15.70', '203641872', '2024-04-30 00:47:56'),
(814, 108, 1, '10.80', NULL, '2024-01-28 22:16:24'),
(815, 108, 1, '15.70', NULL, '2024-01-19 11:43:32'),
(816, 105, 0, '10.80', '292008912', '2024-05-09 17:47:13'),
(817, 109, 0, '8.50', NULL, '2024-02-04 04:03:10'),
(818, 105, 1, '8.50', NULL, '2024-01-13 11:34:23'),
(819, 102, 1, '15.70', '378708215', '2024-04-09 04:18:59'),
(820, 108, 1, '12.30', NULL, '2024-03-05 04:44:08'),
(821, 108, 1, '12.30', '265710180', '2024-01-05 17:29:45'),
(822, 103, 1, '10.80', '327024006', '2024-04-01 23:49:58'),
(823, 109, 1, '10.80', '228523684', '2024-02-03 09:01:00'),
(824, 102, 1, '8.50', '358618225', '2024-01-06 03:42:14'),
(825, 101, 1, '15.70', '226412767', '2024-04-10 22:25:03'),
(826, 102, 0, '8.50', '185163687', '2024-03-20 05:09:20'),
(827, 107, 1, '10.80', NULL, '2024-03-07 10:46:44'),
(828, 109, 1, '8.50', '364971573', '2024-03-25 19:36:51'),
(829, 104, 1, '15.70', '236791673', '2024-03-11 15:09:27'),
(830, 102, 1, '15.70', NULL, '2024-05-17 06:51:49'),
(831, 107, 0, '8.50', '332354234', '2024-01-20 03:32:53'),
(832, 104, 1, '8.50', '143477754', '2024-03-08 10:51:54'),
(833, 109, 0, '15.70', '169161802', '2024-03-17 01:19:34'),
(834, 109, 0, '10.80', NULL, '2024-04-11 04:25:55'),
(835, 100, 1, '10.80', NULL, '2024-02-25 21:31:37'),
(836, 100, 0, '12.30', NULL, '2024-01-14 04:34:31'),
(837, 103, 0, '8.50', '245493455', '2024-01-21 17:36:32'),
(838, 100, 1, '10.80', '286312242', '2024-01-21 02:40:56'),
(839, 108, 0, '12.30', '272680585', '2024-01-15 21:10:41'),
(840, 102, 0, '15.70', NULL, '2024-04-08 09:32:26'),
(841, 101, 0, '15.70', NULL, '2024-02-28 11:08:33'),
(842, 106, 1, '12.30', NULL, '2024-05-13 12:20:03'),
(843, 104, 1, '15.70', NULL, '2024-04-10 09:21:04'),
(844, 105, 0, '15.70', '344941770', '2024-01-25 02:45:08'),
(845, 105, 1, '10.80', '318580667', '2024-01-28 19:37:23'),
(846, 109, 0, '12.30', NULL, '2024-01-19 04:27:28'),
(847, 101, 0, '12.30', '337663725', '2024-04-21 18:34:17'),
(848, 107, 0, '15.70', '100501793', '2024-04-23 00:17:37'),
(849, 105, 1, '15.70', NULL, '2024-01-12 07:44:08'),
(850, 105, 1, '10.80', '351706039', '2024-01-23 22:17:49'),
(851, 106, 1, '10.80', NULL, '2024-03-31 10:01:59'),
(852, 101, 0, '10.80', '365430134', '2024-05-11 10:21:40'),
(853, 104, 1, '12.30', NULL, '2024-04-21 04:40:32'),
(854, 103, 1, '12.30', NULL, '2024-05-02 06:35:39'),
(855, 109, 1, '8.50', NULL, '2024-03-30 01:49:51'),
(856, 105, 1, '15.70', NULL, '2024-04-22 12:36:17'),
(857, 100, 1, '12.30', '119610285', '2024-04-27 13:22:29'),
(858, 102, 0, '8.50', NULL, '2024-01-13 22:36:56'),
(859, 107, 1, '8.50', NULL, '2024-02-21 20:20:13'),
(860, 101, 1, '10.80', '269263838', '2024-03-03 04:12:14'),
(861, 102, 1, '10.80', NULL, '2024-02-13 22:05:02'),
(862, 102, 0, '15.70', '324942294', '2024-04-21 19:32:28'),
(863, 106, 1, '15.70', NULL, '2024-02-16 00:52:26'),
(864, 101, 0, '12.30', NULL, '2024-02-18 10:33:03'),
(865, 107, 1, '12.30', '333832707', '2024-05-11 02:45:47'),
(866, 102, 0, '12.30', NULL, '2024-05-04 16:03:49'),
(867, 106, 0, '8.50', NULL, '2024-03-14 23:07:12'),
(868, 108, 1, '15.70', NULL, '2024-04-04 02:42:43'),
(869, 105, 0, '12.30', NULL, '2024-01-25 17:33:05'),
(870, 103, 0, '8.50', NULL, '2024-03-14 09:42:14'),
(871, 106, 0, '8.50', '374554138', '2024-02-29 16:43:21'),
(872, 102, 1, '8.50', '278327419', '2024-01-08 11:59:56'),
(873, 104, 0, '8.50', '286868743', '2024-03-26 07:02:35'),
(874, 103, 0, '12.30', NULL, '2024-04-14 03:13:30'),
(875, 108, 1, '8.50', '170328566', '2024-04-18 21:04:45'),
(876, 101, 0, '8.50', '150570630', '2024-01-20 06:09:30'),
(877, 105, 1, '12.30', NULL, '2024-03-17 06:19:40'),
(878, 100, 1, '12.30', NULL, '2024-05-05 08:19:43'),
(879, 107, 1, '8.50', '153072443', '2024-04-05 00:42:26'),
(880, 108, 0, '12.30', '355686582', '2024-05-18 04:50:58'),
(881, 104, 1, '10.80', NULL, '2024-02-10 21:24:34'),
(882, 102, 1, '15.70', NULL, '2024-03-20 11:36:24'),
(883, 102, 1, '8.50', '113945064', '2024-03-09 04:48:09'),
(884, 101, 0, '10.80', '257421678', '2024-03-13 01:41:46'),
(885, 106, 0, '10.80', NULL, '2024-05-19 11:46:39'),
(886, 106, 0, '8.50', NULL, '2024-02-22 20:29:55'),
(887, 105, 0, '12.30', '208320956', '2024-03-04 09:35:29'),
(888, 106, 1, '15.70', '267370845', '2024-04-02 03:08:15'),
(889, 103, 1, '10.80', '133598394', '2024-02-29 07:51:50'),
(890, 109, 1, '8.50', NULL, '2024-05-11 06:05:29'),
(891, 109, 1, '15.70', '243664572', '2024-05-10 22:43:04'),
(892, 102, 0, '8.50', '308292571', '2024-04-19 00:03:43'),
(893, 100, 0, '8.50', '374223501', '2024-02-17 14:44:36'),
(894, 106, 0, '12.30', NULL, '2024-04-18 20:32:32'),
(895, 104, 0, '12.30', '207181682', '2024-02-01 23:56:53'),
(896, 105, 0, '10.80', NULL, '2024-01-09 13:08:48'),
(897, 108, 0, '10.80', NULL, '2024-02-24 08:24:47'),
(898, 104, 0, '8.50', NULL, '2024-02-10 08:43:25'),
(899, 102, 0, '12.30', '398944900', '2024-02-04 02:03:59'),
(900, 109, 1, '10.80', NULL, '2024-03-18 00:27:48'),
(901, 108, 0, '12.30', NULL, '2024-01-06 05:09:31'),
(902, 103, 0, '8.50', NULL, '2024-02-20 06:56:33'),
(903, 108, 0, '10.80', '190449247', '2024-01-16 00:47:28'),
(904, 103, 1, '8.50', '104280389', '2024-03-14 15:06:43'),
(905, 108, 1, '15.70', NULL, '2024-01-12 13:33:52'),
(906, 103, 0, '12.30', '252007097', '2024-02-17 04:40:33'),
(907, 109, 0, '8.50', NULL, '2024-02-11 12:22:50'),
(908, 109, 0, '10.80', '117343220', '2024-05-12 00:47:24'),
(909, 101, 1, '12.30', NULL, '2024-03-28 03:26:19'),
(910, 104, 1, '8.50', NULL, '2024-03-01 06:39:06'),
(911, 106, 0, '8.50', NULL, '2024-04-14 20:33:43'),
(912, 107, 0, '12.30', '202133001', '2024-05-09 15:02:37'),
(913, 104, 0, '8.50', '362026088', '2024-05-13 22:55:01'),
(914, 109, 0, '12.30', '104117680', '2024-05-07 21:23:56'),
(915, 103, 1, '12.30', '136855466', '2024-03-22 14:43:10'),
(916, 104, 0, '15.70', '143202716', '2024-01-13 15:02:38'),
(917, 105, 0, '8.50', '394456464', '2024-01-28 11:37:22'),
(918, 100, 0, '8.50', NULL, '2024-01-02 18:04:15'),
(919, 108, 1, '10.80', '108225070', '2024-05-03 23:41:12'),
(920, 100, 0, '10.80', NULL, '2024-01-08 06:05:10'),
(921, 101, 0, '10.80', '229341944', '2024-01-04 21:01:23'),
(922, 100, 0, '12.30', '320305033', '2024-01-21 07:39:56');
INSERT INTO `servico` (`codFatura`, `numMaquina`, `duracao`, `valor`, `nifCliente`, `dataHora`) VALUES
(923, 105, 0, '15.70', NULL, '2024-05-05 23:28:51'),
(924, 107, 1, '8.50', NULL, '2024-01-29 22:34:22'),
(925, 108, 1, '10.80', '303437370', '2024-05-08 14:25:29'),
(926, 103, 1, '12.30', '204482873', '2024-04-16 06:40:49'),
(927, 109, 1, '12.30', NULL, '2024-05-09 03:54:44'),
(928, 101, 1, '8.50', '247528687', '2024-03-08 18:51:25'),
(929, 106, 1, '12.30', '246589104', '2024-02-09 02:37:36'),
(930, 101, 1, '15.70', NULL, '2024-02-06 00:17:46'),
(931, 105, 0, '15.70', '233660475', '2024-02-22 08:40:59'),
(932, 100, 1, '8.50', '177313338', '2024-02-10 00:58:56'),
(933, 106, 0, '15.70', NULL, '2024-03-07 02:40:49'),
(934, 109, 1, '12.30', NULL, '2024-03-30 20:31:54'),
(935, 106, 0, '12.30', NULL, '2024-04-06 01:33:44'),
(936, 107, 1, '8.50', '358190585', '2024-03-17 08:12:26'),
(937, 105, 1, '8.50', NULL, '2024-04-10 18:20:11'),
(938, 105, 1, '15.70', '349695371', '2024-02-02 23:30:08'),
(939, 105, 0, '15.70', '363007684', '2024-04-27 17:49:37'),
(940, 107, 0, '10.80', '341538437', '2024-03-21 09:18:02'),
(941, 107, 1, '10.80', NULL, '2024-02-20 14:23:38'),
(942, 101, 0, '12.30', '275058674', '2024-04-20 02:22:05'),
(943, 105, 1, '15.70', NULL, '2024-03-28 11:33:18'),
(944, 108, 0, '15.70', '163862697', '2024-01-13 20:22:37'),
(945, 107, 0, '12.30', '261735607', '2024-04-06 09:50:56'),
(946, 108, 0, '8.50', NULL, '2024-04-11 07:36:09'),
(947, 107, 0, '8.50', '363690986', '2024-02-09 22:21:40'),
(948, 105, 1, '8.50', NULL, '2024-05-16 20:47:38'),
(949, 102, 1, '10.80', NULL, '2024-01-13 17:17:30'),
(950, 104, 0, '12.30', '306566838', '2024-05-07 23:11:26'),
(951, 103, 1, '10.80', NULL, '2024-03-01 01:27:06'),
(952, 103, 0, '8.50', '384505891', '2024-03-07 08:54:07'),
(953, 107, 1, '10.80', NULL, '2024-01-13 15:26:27'),
(954, 103, 0, '8.50', '146358849', '2024-01-18 12:28:22'),
(955, 106, 0, '15.70', '208709838', '2024-03-24 02:23:14'),
(956, 104, 0, '15.70', NULL, '2024-01-05 19:41:09'),
(957, 105, 1, '12.30', NULL, '2024-01-17 19:42:26'),
(958, 107, 1, '12.30', NULL, '2024-05-12 18:45:57'),
(959, 106, 1, '15.70', NULL, '2024-05-12 04:29:46'),
(960, 105, 0, '10.80', '215998923', '2024-03-30 22:19:01'),
(961, 101, 1, '15.70', NULL, '2024-04-05 09:29:13'),
(962, 109, 1, '8.50', NULL, '2024-03-17 11:00:27'),
(963, 103, 0, '15.70', '136913792', '2024-03-17 02:13:30'),
(964, 106, 1, '12.30', '383922730', '2024-04-04 05:03:20'),
(965, 101, 1, '10.80', '117907577', '2024-05-02 23:55:26'),
(966, 102, 0, '8.50', NULL, '2024-02-24 18:35:22'),
(967, 100, 1, '12.30', NULL, '2024-04-07 21:32:41'),
(968, 106, 0, '12.30', '125035479', '2024-03-15 15:28:05'),
(969, 107, 1, '15.70', NULL, '2024-02-24 20:31:40'),
(970, 107, 0, '10.80', '347353878', '2024-05-13 03:29:06'),
(971, 103, 0, '10.80', '299130747', '2024-03-17 16:34:39'),
(972, 107, 1, '8.50', '151919569', '2024-04-12 11:59:33'),
(973, 103, 1, '10.80', NULL, '2024-02-08 23:52:06'),
(974, 104, 1, '12.30', NULL, '2024-03-10 14:43:28'),
(975, 107, 1, '8.50', '241709416', '2024-05-01 03:12:07'),
(976, 101, 0, '8.50', '325752488', '2024-01-02 11:47:27'),
(977, 106, 1, '8.50', NULL, '2024-04-16 08:12:35'),
(978, 105, 1, '12.30', NULL, '2024-04-11 10:46:32'),
(979, 104, 0, '12.30', NULL, '2024-05-03 17:46:27'),
(980, 108, 0, '12.30', '234742943', '2024-02-28 02:24:14'),
(981, 100, 0, '10.80', NULL, '2024-02-02 17:10:53'),
(982, 108, 1, '8.50', NULL, '2024-01-15 10:33:06'),
(983, 106, 1, '10.80', '398056631', '2024-04-16 23:58:35'),
(984, 102, 1, '12.30', '111109834', '2024-02-27 20:54:47'),
(985, 102, 0, '10.80', NULL, '2024-03-09 13:37:30'),
(986, 108, 0, '8.50', '257781963', '2024-03-18 10:45:37'),
(987, 105, 0, '12.30', '379775234', '2024-02-07 15:15:47'),
(988, 102, 0, '10.80', NULL, '2024-02-17 17:13:05'),
(989, 105, 0, '10.80', '211789876', '2024-05-05 15:06:11'),
(990, 104, 1, '12.30', '106814496', '2024-04-18 08:55:16'),
(991, 108, 0, '8.50', NULL, '2024-03-02 18:08:06'),
(992, 106, 1, '15.70', '256154237', '2024-05-12 14:02:01'),
(993, 106, 1, '12.30', '302650163', '2024-05-05 13:01:21'),
(994, 105, 0, '15.70', NULL, '2024-01-31 05:21:51'),
(995, 103, 0, '15.70', '232895090', '2024-01-19 23:13:59'),
(996, 100, 0, '12.30', NULL, '2024-02-23 18:45:13'),
(997, 107, 1, '12.30', '302013239', '2024-01-31 00:34:24'),
(998, 109, 1, '12.30', NULL, '2024-04-18 11:48:12'),
(999, 102, 0, '8.50', NULL, '2024-03-06 17:18:55'),
(1000, 103, 1, '15.70', NULL, '2024-04-01 06:45:14');

-- --------------------------------------------------------

--
-- Estrutura da tabela `tipo`
--

CREATE TABLE `tipo` (
  `id` int(11) NOT NULL,
  `nome` varchar(30) DEFAULT NULL
) ENGINE=InnoDB DEFAULT CHARSET=utf8mb4 COLLATE=utf8mb4_general_ci;

--
-- Extraindo dados da tabela `tipo`
--

INSERT INTO `tipo` (`id`, `nome`) VALUES
(1, 'lava'),
(2, 'seca'),
(3, 'lava/seca');

--
-- Índices para tabelas despejadas
--

--
-- Índices para tabela `maquina`
--
ALTER TABLE `maquina`
  ADD PRIMARY KEY (`numero`),
  ADD KEY `FK_MAQUINA_IDTIPO` (`idTipo`);

--
-- Índices para tabela `servico`
--
ALTER TABLE `servico`
  ADD PRIMARY KEY (`codFatura`),
  ADD KEY `FK_SERVICO_NUMMAQUINA` (`numMaquina`);

--
-- Índices para tabela `tipo`
--
ALTER TABLE `tipo`
  ADD PRIMARY KEY (`id`);

--
-- AUTO_INCREMENT de tabelas despejadas
--

--
-- AUTO_INCREMENT de tabela `maquina`
--
ALTER TABLE `maquina`
  MODIFY `numero` int(11) NOT NULL AUTO_INCREMENT, AUTO_INCREMENT=110;

--
-- AUTO_INCREMENT de tabela `servico`
--
ALTER TABLE `servico`
  MODIFY `codFatura` int(11) NOT NULL AUTO_INCREMENT, AUTO_INCREMENT=1001;

--
-- AUTO_INCREMENT de tabela `tipo`
--
ALTER TABLE `tipo`
  MODIFY `id` int(11) NOT NULL AUTO_INCREMENT, AUTO_INCREMENT=104;

--
-- Restrições para despejos de tabelas
--

--
-- Limitadores para a tabela `maquina`
--
ALTER TABLE `maquina`
  ADD CONSTRAINT `FK_MAQUINA_IDTIPO` FOREIGN KEY (`idTipo`) REFERENCES `tipo` (`id`);

--
-- Limitadores para a tabela `servico`
--
ALTER TABLE `servico`
  ADD CONSTRAINT `FK_SERVICO_NUMMAQUINA` FOREIGN KEY (`numMaquina`) REFERENCES `maquina` (`numero`);
COMMIT;

/*!40101 SET CHARACTER_SET_CLIENT=@OLD_CHARACTER_SET_CLIENT */;
/*!40101 SET CHARACTER_SET_RESULTS=@OLD_CHARACTER_SET_RESULTS */;
/*!40101 SET COLLATION_CONNECTION=@OLD_COLLATION_CONNECTION */;
